{
    ".html":{"tyyppi":"text/html", "koodaus":"utf8"},
    ".js":{"tyyppi":"text/javascript", "koodaus":"utf8"},
    ".css":{"tyyppi":"text/css","koodaus":"utf8"},
    ".json":{"tyyppi":"application/json", "koodaus":"utf8"},
    ".png":{"tyyppi":"image/png", "koodaus":"binary"},
    ".jpg":{"tyyppi":"image/jpeg","koodaus":"binary"},
    ".jpeg":{"tyyppi":"image/jpeg","koodaus":"binary"},
    ".gif":{"tyyppi":"image/gif", "koodaus":"binary"},
    ".ico":{"tyyppi":"image/vnd.microsoft.icon", "koodaus":"binary"}
}