[
    {
        "tuotenumero":1,
        "nimi":"Tietokone",
        "väri":"oranssi",
        "hinta":100,
        "huomautuksia":"ei huomautettavaa"
    },
    {
        "tuotenumero": 2,
        "nimi": "Kahvinkeitin",
        "väri": "oranssi",
        "hinta": 50,
        "huomautuksia": "kahvi ei sisälly hintaan"
    },
    {
        "tuotenumero": 3,
        "nimi": "Polkupyörä",
        "väri": "sininen",
        "hinta": 200,
        "huomautuksia": ""
    },
    {
        "tuotenumero": 4,
        "nimi": "Tietokone",
        "väri": "punainen",
        "hinta": 250,
        "huomautuksia": "Lisävarusteena hiiri"
    }
]