[
    {
        "tilausnumero": 1,
        "tilauspvm": "2023-08-03",
        "tilaaja": {
            "etunimi": "Meri",
            "sukunimi": "Myrskylä",
            "katuosoite": "Tyrskykatu 23",
            "postitoimipaikka": "04054 Kallioluoto"
        },
        "tuotteet": [
            {
                "tuotenumero": 1,
                "nimi": "Node & React ABC",
                "määrä": 2,
                "hinta": 34.9
            },
            {
                "tuotenumero": 2,
                "nimi": "Node Basics",
                "määrä": 1,
                "hinta": 45
            },
            {
                "tuotenumero": 3,
                "nimi": "Reactia retkeilijöille",
                "määrä": 1,
                "hinta": 20
            }
        ]
    },
    {
        "tilausnumero": 2,
        "tilauspvm": "2023-09-23",
        "tilaaja": {
            "etunimi": "Matti",
            "sukunimi": "Puro",
            "katuosoite": "Rantakatu 3",
            "postitoimipaikka": "00120 Helsinki"
        },
        "tuotteet": [
            {
                "tuotenumero": 1,
                "nimi": "Node & React ABC",
                "määrä": 3,
                "hinta": 34.9
            },
            {
                "tuotenumero": 2,
                "nimi": "Node Basics",
                "määrä": 5,
                "hinta": 45
            },
            {
                "tuotenumero": 3,
                "nimi": "Reactia retkeilijöille",
                "määrä": 1,
                "hinta": 20
            }
        ]
    },
    {
        "tilausnumero": 3,
        "tilauspvm": "2023-09-15",
        "tilaaja": {
            "etunimi": "Aapeli",
            "sukunimi": "Aakkonen",
            "katuosoite": "Merikatu 3",
            "postitoimipaikka": "00100 Helsinki"
        },
        "tuotteet": [
            {
                "tuotenumero": 1,
                "nimi": "Node & React ABC",
                "hinta": 34.9,
                "määrä": 2
            },
            {
                "tuotenumero": 3,
                "nimi": "Reactia retkeilijöille",
                "hinta": 20,
                "määrä": 1
            }
        ]
    },
    {
        "tilausnumero": 4,
        "tilauspvm": "2023-09-15",
        "tilaaja": {
            "etunimi": "Veera",
            "sukunimi": "Virta",
            "katuosoite": "Jokikatu 12",
            "postitoimipaikka": "12345 Takamaa"
        },
        "tuotteet": [
            {
                "tuotenumero": 1,
                "nimi": "Node & React ABC",
                "hinta": 34.9,
                "määrä": 2
            },
            {
                "tuotenumero": 2,
                "nimi": "Node Basics",
                "hinta": 45,
                "määrä": 5
            },
            {
                "tuotenumero": 3,
                "nimi": "Reactia retkeilijöille",
                "hinta": 20,
                "määrä": 1
            }
        ]
    },
    {
        "tilausnumero": 100,
        "tilauspvm": "2023-08-03",
        "tilaaja": {
            "etunimi": "Meri",
            "sukunimi": "Myrskylä",
            "katuosoite": "Tyrskykatu 23",
            "postitoimipaikka": "04054 Kallioluoto"
        },
        "tuotteet": [
            {
                "tuotenumero": 1,
                "nimi": "Node & React ABC",
                "määrä": 2,
                "hinta": 34.9
            },
            {
                "tuotenumero": 2,
                "nimi": "Node Basics",
                "määrä": 1,
                "hinta": 45
            },
            {
                "tuotenumero": 3,
                "nimi": "Reactia retkeilijöille",
                "määrä": 1,
                "hinta": 20
            }
        ]
    },
    {
        "tilausnumero": 110,
        "tilauspvm": "2023-08-03",
        "tilaaja": {
            "etunimi": "Meri",
            "sukunimi": "Myrskylä",
            "katuosoite": "Tyrskykatu 23",
            "postitoimipaikka": "04054 Kallioluoto"
        },
        "tuotteet": [
            {
                "tuotenumero": 1,
                "nimi": "Node & React ABC",
                "määrä": 2,
                "hinta": 34.9
            },
            {
                "tuotenumero": 2,
                "nimi": "Node Basics",
                "määrä": 1,
                "hinta": 45
            },
            {
                "tuotenumero": 3,
                "nimi": "Reactia retkeilijöille",
                "määrä": 1,
                "hinta": 20
            }
        ]
    },
    {
        "tilausnumero": 112,
        "tilauspvm": "2023-08-03",
        "tilaaja": {
            "etunimi": "Meri",
            "sukunimi": "Myrskylä",
            "katuosoite": "Tyrskykatu 23",
            "postitoimipaikka": "04054 Kallioluoto"
        },
        "tuotteet": [
            {
                "tuotenumero": 1,
                "nimi": "Node & React ABC",
                "määrä": 2,
                "hinta": 34.9
            },
            {
                "tuotenumero": 2,
                "nimi": "Node Basics",
                "määrä": 1,
                "hinta": 45
            },
            {
                "tuotenumero": 3,
                "nimi": "Reactia retkeilijöille",
                "määrä": 1,
                "hinta": 20
            }
        ]
    },
    {
        "tilausnumero": 113,
        "tilauspvm": "2023-11-21",
        "tilaaja": {
            "etunimi": "Matti",
            "sukunimi": "Meikäläinen",
            "katuosoite": "Kirjakatu 1",
            "postitoimipaikka": "Helsinki"
        },
        "tuotteet": [
            {
                "tuotenumero": 1,
                "nimi": "Node & React ABC",
                "määrä": 1,
                "hinta": 34.9
            },
            {
                "tuotenumero": 2,
                "nimi": "Node Basics",
                "määrä": 1,
                "hinta": 45
            }
        ]
    },
    {
        "tilausnumero": 114,
        "tilauspvm": "2023-11-27",
        "tilaaja": {
            "etunimi": "Matti",
            "sukunimi": "Meikäläinen",
            "katuosoite": "Kirjakatu 1",
            "postitoimipaikka": "Helsinki"
        },
        "tuotteet": [
            {
                "tuotenumero": 1,
                "nimi": "Node & React ABC",
                "määrä": 1,
                "hinta": 34.9
            },
            {
                "tuotenumero": 2,
                "nimi": "Node Basics",
                "määrä": 1,
                "hinta": 45
            },
            {
                "tuotenumero": 3,
                "nimi": "Reactia retkeilijöille",
                "määrä": 2,
                "hinta": 20
            }
        ]
    },
    {
        "tilausnumero": 115,
        "tilauspvm": "2023-11-27",
        "tilaaja": {
            "etunimi": "Matti",
            "sukunimi": "Meikäläinen",
            "katuosoite": "Kirjakatu 1",
            "postitoimipaikka": "Helsinki"
        },
        "tuotteet": [
            {
                "tuotenumero": 1,
                "nimi": "Node & React ABC",
                "määrä": 1,
                "hinta": 34.9
            },
            {
                "tuotenumero": 2,
                "nimi": "Node Basics",
                "määrä": 2,
                "hinta": 45
            }
        ]
    }
]