[
    {
      "kirjaID": 1,
      "nimi": "Numerohirmu",
      "kirjailija": "Leila Hökki",
      "hinta": 15,
      "arvostelu": "**",
      "aiheet": [
        "tietokoneet",
        "pelaaminen",
        "mysteeri"
      ],
      "lisätiedot": {
        "huomautus": "keräilijän painos",
        "painos": "ensimmäinen painos",
        "tyyppi": "pehmeäkantinen"
      }
    },
    {
      "kirjaID": 2,
      "nimi": "Pulpettien kapina",
      "kirjailija": "Aapeli Aakkonen",
      "hinta": 25,
      "arvostelu": "***",
      "aiheet": [
        "keksinnöt",
        "tietokannat",
        "testaus"
      ],
      "lisätiedot": {
        "huomautus": "-",
        "painos": "6. painos",
        "tyyppi": "e-kirja"
      }
    },
    {
      "kirjaID": 3,
      "nimi": "Tietokantojen nousu ja tuho",
      "kirjailija": "Jesse Joki",
      "hinta": 25,
      "arvostelu": "**",
      "aiheet": [
        "historia",
        "mysteeri",
        "tietokoneet"
      ],
      "lisätiedot": {
        "huomautus": "erikoispainos",
        "painos": "6. painos",
        "tyyppi": "lehti"
      }
    },
    {
      "kirjaID": 4,
      "nimi": "Pulpettien kapina",
      "kirjailija": "Jesse Joki",
      "hinta": 200,
      "arvostelu": "**",
      "aiheet": [
        "tietokoneet",
        "tietokannat",
        "mysteeri"
      ],
      "lisätiedot": {
        "huomautus": "ensipainos",
        "painos": "7. painos",
        "tyyppi": "pehmeäkantinen"
      }
    },
    {
      "kirjaID": 5,
      "nimi": "Tietokantojen nousu ja tuho",
      "kirjailija": "Jesse Joki",
      "hinta": 123,
      "arvostelu": "*****",
      "aiheet": [
        "tietokoneet",
        "mysteeri",
        "oppikirja"
      ]
    }
  ]